﻿{"cameraMode":{"drawMode":0,"name":"Shaded","section":"Shading Mode"},"sceneLighting":true,"audioPlay":false,"sceneViewState":{"showFog":true,"showMaterialUpdate":false,"showSkybox":true,"showFlares":true,"showImageEffects":true,"showParticleSystems":true},"in2DMode":false,"pivot":{"x":-0.1100521981716156,"y":-2.186342716217041,"z":3.2081210613250734},"rotation":{"x":0.1286257654428482,"y":0.01606878824532032,"z":-0.0020843895617872478,"w":0.9915608763694763},"size":14.2882080078125,"orthographic":false}